date,tavg,tmin,tmax,prcp,snow,wdir,wspd,wpgt,pres,tsun
2024-01-01 00:00:00,6.9,6,8,4.5,,,26.8,,1005,
2024-01-02 00:00:00,10.7,8,12.2,25.1,,,37.9,,992.7,
2024-01-03 00:00:00,9.7,8.7,11.1,6.2,,,30.5,,993.7,
2024-01-04 00:00:00,8.6,7,9.7,2.9,,,18.4,,1002.9,
2024-01-05 00:00:00,7.2,6,10,3.8,,,28,,999.6,
2024-01-06 00:00:00,4.9,3.2,5.6,2.7,,,14.4,,1011.3,
2024-01-07 00:00:00,1.1,-1.2,2.5,0,,,18.2,,1022.3,
2024-01-08 00:00:00,-1.9,-3,-1.2,0,,,23,,1029.5,
2024-01-09 00:00:00,-3.1,-5.2,-0.9,0,,,19.8,,1029.7,
2024-01-10 00:00:00,-3.9,-6,-0.5,0,,,10.3,,1028.4,
2024-01-11 00:00:00,-2.6,-5.4,0.5,0,,,9.3,,1033.6,
2024-01-12 00:00:00,1.3,-0.2,2.5,0,,,5.6,,1033.8,
2024-01-13 00:00:00,0.7,-0.4,1.7,0,,,11.3,,1026.1,
2024-01-14 00:00:00,-0.7,-1.2,0.2,0.1,,,17.6,,1013.9,
2024-01-15 00:00:00,1,-0.7,2.5,0.2,,,16.7,,1008.2,
2024-01-16 00:00:00,-0.9,-2.5,2.2,0,,,11,,1010,
2024-01-17 00:00:00,-1.7,-2.7,-1,10.1,,,8.8,,993.3,
2024-01-18 00:00:00,-3.3,-10.2,1.5,0.8,,,5.4,,1002.8,
2024-01-19 00:00:00,-3.9,-8.4,-1.5,0,,,11,,1022.3,
2024-01-20 00:00:00,-3.1,-7.5,-1.4,0,,,14.1,,1029.1,
2024-01-21 00:00:00,3.1,-0.7,7.7,0,,,30.1,,1020.5,
2024-01-22 00:00:00,9.8,8.1,11.5,8.4,,,37.8,,1012.2,
2024-01-23 00:00:00,7.7,4.1,11.7,3.3,,,25.6,,1023.9,
2024-01-24 00:00:00,11,8.6,12.7,1.9,,,28.2,,1024.6,
2024-01-25 00:00:00,7.7,3.7,10.2,0.4,,,11.2,,1028.8,
2024-01-26 00:00:00,8.1,0.7,11.2,1.5,,,21.2,,1028.1,
2024-01-27 00:00:00,2.3,-1,7.7,0,,,7.2,,1035.8,
2024-01-28 00:00:00,4.5,-0.7,10.7,0,,,9.9,,1027.7,
2024-01-29 00:00:00,8,3.7,12,0,,,13.4,,1026.3,
2024-01-30 00:00:00,9,7,10.5,0,,,15.6,,1029.2,
2024-01-31 00:00:00,6.9,5.7,8.5,0,,,13.8,,1032.9,
2024-02-01 00:00:00,7,1.7,9.2,6.9,,,10.2,,1031.7,
2024-02-02 00:00:00,5.4,2,9.1,0,,,18.4,,1031.7,
2024-02-03 00:00:00,9.6,8.7,10.6,0.2,,,16.6,,1029,
2024-02-04 00:00:00,10.1,9.7,11,0.3,,,22.5,,1026.3,
2024-02-05 00:00:00,9,8.1,10.1,0,,,28,,1023.1,
2024-02-06 00:00:00,9.8,8.2,11.1,0,,,31.5,,1014.5,
2024-02-07 00:00:00,6.8,4.2,11,17,,,20,,1005.3,
2024-02-08 00:00:00,7.7,4,11.7,12.6,,,15.3,,996.9,
2024-02-09 00:00:00,11.4,10.1,12.6,2.4,,,25.6,,984.8,
2024-02-10 00:00:00,10.5,8.7,13,3.3,,,11.1,,985.3,
2024-02-11 00:00:00,8.4,7.1,10,1.5,,,14.2,,991,
2024-02-12 00:00:00,6.8,4.5,9.5,1,,,10.6,,1005.7,
2024-02-13 00:00:00,6.1,2,9.2,0.4,,,18.3,,1016.8,
2024-02-14 00:00:00,10.9,8.1,12.5,3.6,,,21.9,,1017.1,
2024-02-15 00:00:00,13.5,11.6,16,0.3,,,15.4,,1013.6,
2024-02-16 00:00:00,11.9,8.1,13.2,1.1,,,15.4,,1015,
2024-02-17 00:00:00,9.8,6.6,13,0,,,9.5,,1031.1,
2024-02-18 00:00:00,9.8,8.6,11.5,7.6,,,22,,1027.7,
2024-02-19 00:00:00,8.6,6.5,10.6,1.1,,,12.1,,1029.3,
2024-02-20 00:00:00,6.9,5,9,0,,,15.4,,1029,
2024-02-21 00:00:00,8.5,7.5,9.6,8.8,,,25.6,,1014.3,
2024-02-22 00:00:00,10.2,5.5,13.5,10.8,,,28.8,,990.1,
2024-02-23 00:00:00,5.8,4.1,8.7,0.3,,,27.3,,992,
2024-02-24 00:00:00,5.1,3.7,7.5,1.6,,,20.7,,998,
2024-02-25 00:00:00,7,4.7,9.2,3.8,,,17.6,,998.6,
2024-02-26 00:00:00,5.7,5.1,6.6,15.8,,,27.9,,1001,
2024-02-27 00:00:00,5.3,2.5,9.5,0,,,14.8,,1017.9,
2024-02-28 00:00:00,4.9,-0.4,9,0,,,12.6,,1021.1,
2024-02-29 00:00:00,7.8,6.1,9.7,7,,,19.6,,1009.5,
2024-03-01 00:00:00,7.2,4.6,9.7,3.9,,,25.6,,1000.7,
2024-03-02 00:00:00,7.4,5,10.6,7.9,,,18.6,,997.7,
2024-03-03 00:00:00,6,5.1,6.6,5.7,,,8.7,,1001.8,
2024-03-04 00:00:00,6.3,2.2,10.7,0,,,4.5,,1011.7,
2024-03-05 00:00:00,5.8,2.5,9.5,1.2,,,6.8,,1013.9,
2024-03-06 00:00:00,6.6,3.2,11,0,,,4.2,,1021.6,
2024-03-07 00:00:00,5.8,3.1,10.2,0,,,12,,1020.6,
2024-03-08 00:00:00,7,2,12.7,0,,,17,,1008.4,
2024-03-09 00:00:00,10.2,6.2,14.1,0,,,17.4,,998.2,
2024-03-10 00:00:00,9.1,6.6,12.1,2.5,,,6,,995.6,
2024-03-11 00:00:00,7.8,7.2,8.7,8.6,,,14.1,,1003.5,
2024-03-12 00:00:00,8.2,5.5,11,9.4,,,17,,1014.2,
2024-03-13 00:00:00,11.1,9.7,12.5,0.4,,,14.8,,1016,
2024-03-14 00:00:00,12.1,7.5,16.5,0,,,14.8,,1011.9,
2024-03-15 00:00:00,12.3,10.1,14,5.2,,,20.1,,1009.3,
2024-03-16 00:00:00,9.4,8.1,10.7,1.1,,,10.8,,1019.7,
2024-03-17 00:00:00,10.2,7.5,13.5,6.3,,,13.5,,1019.3,
2024-03-18 00:00:00,10.8,8.2,14.6,0.2,,,9,,1016.9,
2024-03-19 00:00:00,11.8,7.7,16.2,0.1,,,6.9,,1018.2,
2024-03-20 00:00:00,11.6,6.1,17.2,0,,,5,,1018.8,
2024-03-21 00:00:00,9.3,6.1,12.5,0,,,6.8,,1024.7,
2024-03-22 00:00:00,10.3,8.2,12.1,7.6,,,13.8,,1018.5,
2024-03-23 00:00:00,7.1,4.6,9.7,2.1,,,20.7,,1011.9,
2024-03-24 00:00:00,7.1,4.1,10.2,0.6,,,20,,1009.1,
2024-03-25 00:00:00,8,4.5,11.7,0,,,10.6,,1004.2,
2024-03-26 00:00:00,9.8,4,15,0.2,,,11,,989.6,
2024-03-27 00:00:00,8.7,6,11.2,0.6,,,20.1,,986,
2024-03-28 00:00:00,9.2,7,12,1.4,,,30.6,,985.5,
2024-03-29 00:00:00,10.4,7,14,2.3,,,22,,992.5,
2024-03-30 00:00:00,8.6,6,11,5.7,,,7.4,,996.3,
2024-03-31 00:00:00,10.1,6,13,3.5,,,13,,994.3,
2024-04-01 00:00:00,9.9,7,13,0.5,,,16.3,,996.6,
2024-04-02 00:00:00,10.2,7.5,14,2.7,,,24.4,,1006.1,
2024-04-03 00:00:00,11.1,8.6,14.1,9.2,,,20.2,,1005.4,
2024-04-04 00:00:00,12.6,9.6,15.7,14.1,,,24,,1007.3,
2024-04-05 00:00:00,14.9,12.1,18,7.2,,,22.7,,1009.3,
2024-04-06 00:00:00,17.7,14.1,22.6,0.1,,,18.8,,1009,
2024-04-07 00:00:00,15.8,12.7,18.2,7.2,,,21.8,,1012.9,
2024-04-08 00:00:00,14.8,10.2,20.5,0.5,,,9.9,,1007.7,
2024-04-09 00:00:00,10.8,8.5,13.5,2.5,,,28.2,,1011,
2024-04-10 00:00:00,9.7,4.2,14.7,0,,,12,,1027.7,
2024-04-11 00:00:00,12.3,10.7,14,0.4,,,15.3,,1031.5,
2024-04-12 00:00:00,16.2,12.6,21,0,,,11.7,,1031.2,
2024-04-13 00:00:00,17.3,12.2,23.2,0,,,15.6,,1024.9,
2024-04-14 00:00:00,12.5,9,15.7,0.1,,,9.5,,1022.4,
2024-04-15 00:00:00,8.1,5.1,11,6,,,22.5,,1011,
2024-04-16 00:00:00,7.7,5.1,10.7,4.4,,,24.5,,1008.6,
2024-04-17 00:00:00,5.7,2.5,8.5,3.4,,,11,,1013.6,
2024-04-18 00:00:00,6.9,1.5,11.7,0.1,,,8.1,,1019.5,
2024-04-19 00:00:00,8.4,5.5,11.1,5.5,,,23.1,,1015.3,
2024-04-20 00:00:00,6.2,4.5,8.7,1.4,,,17.2,,1023.2,
2024-04-21 00:00:00,6.4,3,10.2,2.3,,,17.9,,1024.8,
2024-04-22 00:00:00,6,2.2,10.5,0.6,,,11,,1025.2,
2024-04-23 00:00:00,5.7,0.5,10.5,0.6,,,8.2,,1021,
2024-04-24 00:00:00,5.8,3.7,8.1,3.2,,,16.7,,1013.5,
2024-04-25 00:00:00,6.7,2.5,10.1,0.4,,,12.4,,1007,
2024-04-26 00:00:00,8.4,6.5,12.1,3.6,,,8.2,,1003.6,
2024-04-27 00:00:00,11.4,7,15.1,5.8,,,10.2,,1003.5,
2024-04-28 00:00:00,12.7,9.6,14.5,1.1,,,24.2,,1007.1,
2024-04-29 00:00:00,12.6,6.5,18.1,0.1,,,10.6,,1018.1,
2024-04-30 00:00:00,15.1,10.5,18.2,0.4,,,7.7,,1014.8,
2024-05-01 00:00:00,17.2,13,22,1,,,11.7,,1006.1,
2024-05-02 00:00:00,13.4,11,16.5,8.3,,,14,,1001.1,
2024-05-03 00:00:00,12.2,10.1,16.2,0.7,,,18.4,,1010.1,
2024-05-04 00:00:00,10.7,8.1,13.7,10,,,9,,1012.6,
2024-05-05 00:00:00,12.1,7,16.5,0,,,6.6,,1009.3,
2024-05-06 00:00:00,14.4,11.7,17.1,0.7,,,7.8,,1007.5,
2024-05-07 00:00:00,13.5,10.5,18,0.5,,,9.8,,1018,
2024-05-08 00:00:00,11.5,10.1,13,0.5,,,10.2,,1027.5,
2024-05-09 00:00:00,13.4,8.6,18.7,0,,,5.7,,1027.1,
2024-05-10 00:00:00,15.5,9,20.5,0,,,7.5,,1023.2,
2024-05-11 00:00:00,17.6,10.1,24,0,,,10.8,,1019.8,
2024-05-12 00:00:00,19.5,11.5,26.7,0.1,,,10,,1013.9,
2024-05-13 00:00:00,18.6,15.1,23,0.1,,,12.8,,1010,
2024-05-14 00:00:00,17.5,14.2,23,13.2,,,14.6,,1004.1,
2024-05-15 00:00:00,15.4,12.5,18.7,6.6,,,5.1,,1005.8,
2024-05-16 00:00:00,14.8,12.6,17,12.7,,,8.2,,1005,
2024-05-17 00:00:00,14.5,11.2,18.2,1.6,,,9.5,,1008.9,
2024-05-18 00:00:00,13.9,11.2,17.7,14.7,,,9.8,,1011.5,
2024-05-19 00:00:00,14.4,11.6,20.1,4.7,,,7.5,,1012.1,
2024-05-20 00:00:00,15,11.1,19.6,4.9,,,9.3,,1011.3,
2024-05-21 00:00:00,15,13,17,11,,,5.9,,1007.9,
2024-05-22 00:00:00,14.9,12.7,18.5,1.1,,,15.2,,1009.1,
2024-05-23 00:00:00,14.4,11.2,19.2,0.6,,,12.2,,1015,
2024-05-24 00:00:00,13.6,10.5,16.7,5.8,,,7.7,,1018.2,
2024-05-25 00:00:00,14.7,10.7,20,0,,,8.7,,1017.4,
2024-05-26 00:00:00,15.4,11.7,21.6,4.9,,,11.7,,1014.4,
2024-05-27 00:00:00,13.6,10.2,16.2,0.7,,,10.3,,1017.4,
2024-05-28 00:00:00,13.3,9,17,3.1,,,17.1,,1017.2,
2024-05-29 00:00:00,15.6,13,18.5,6.1,,,18.8,,1010.4,
2024-05-30 00:00:00,13.9,10.7,17.2,0.7,,,11.4,,1008.1,
2024-05-31 00:00:00,13.5,11.7,16.5,3.3,,,12,,1012.8,
2024-06-01 00:00:00,13.2,12.1,14.1,4.8,,,18.2,,1019.1,
2024-06-02 00:00:00,13.3,10,15.7,0,,,15.4,,1023.7,
2024-06-03 00:00:00,12.8,6.5,18,0,,,3.5,,1021.3,
2024-06-04 00:00:00,16.6,12,21.7,0,,,11.4,,1013.8,
2024-06-05 00:00:00,14.4,11.1,17.5,0.6,,,9.5,,1013.3,
2024-06-06 00:00:00,13.1,7.2,18.1,0,,,8.4,,1017.4,
2024-06-07 00:00:00,14.1,7.2,19.7,0,,,8,,1019,
2024-06-08 00:00:00,13.9,8,19.1,0,,,12.2,,1014.1,
2024-06-09 00:00:00,13.8,7.1,18.5,0,,,9.8,,1012.2,
2024-06-10 00:00:00,12.1,9.7,13.7,5.7,,,18,,1009.4,
2024-06-11 00:00:00,10.9,7,15.6,3.1,,,7.8,,1017,
2024-06-12 00:00:00,11,6,15,1.3,,,5.4,,1020.7,
2024-06-13 00:00:00,14,7,19.5,0.4,,,11.2,,1016.5,
2024-06-14 00:00:00,14.7,12.7,18.5,3.6,,,15.4,,1006.5,
2024-06-15 00:00:00,13.8,10.5,17.7,5,,,25,,1004.4,
2024-06-16 00:00:00,14.4,12.2,19,3.9,,,16.5,,1006.2,
2024-06-17 00:00:00,16.7,13.1,21.5,0.1,,,6.8,,1011.1,
2024-06-18 00:00:00,16.2,14.6,18,25.3,,,7.2,,1012.7,
2024-06-19 00:00:00,16.5,14,20.5,0.7,,,13.6,,1017.6,
2024-06-20 00:00:00,16.2,12.1,21.5,4.7,,,11.5,,1018.4,
2024-06-21 00:00:00,16.1,14.1,18.5,9,,,8.5,,1013.8,
2024-06-22 00:00:00,16,12.6,20,0.6,,,10,,1014.3,
2024-06-23 00:00:00,17.2,11.2,23.7,0,,,6.4,,1019.5,
2024-06-24 00:00:00,19.6,12.6,25.1,0,,,5.7,,1019.5,
2024-06-25 00:00:00,21.5,14.1,27.6,0,,,7.8,,1014.6,
2024-06-26 00:00:00,23.3,16.7,29,0,,,5,,1010.6,
2024-06-27 00:00:00,22.4,17.6,27.7,0.2,,,10.2,,1009.6,
2024-06-28 00:00:00,17.2,13.1,22,0,,,12.8,,1016.3,
2024-06-29 00:00:00,17.5,11.6,23.1,7.1,,,6.5,,1014,
2024-06-30 00:00:00,17.6,14.7,21.2,18.4,,,9.3,,1010.7,
2024-07-01 00:00:00,15.6,12.5,18.7,0.6,,,8.1,,1016.8,
2024-07-02 00:00:00,15.4,13.6,18.2,2.5,,,13.1,,1016.4,
2024-07-03 00:00:00,14.4,12.2,18.5,2.2,,,10.4,,1011.8,
2024-07-04 00:00:00,16.3,13,20,3.6,,,18.8,,1009.2,
2024-07-05 00:00:00,16.5,12.7,21.7,0.5,,,15.9,,1010.4,
2024-07-06 00:00:00,16.9,13.5,19.1,0,,,22.4,,1004.5,
2024-07-07 00:00:00,15.1,9.7,19.5,0,,,15.6,,1012.9,
2024-07-08 00:00:00,16.8,12.2,21.2,0,,,5.7,,1016.5,
2024-07-09 00:00:00,19.8,15.1,26.7,9.7,,,8,,1012.7,
2024-07-10 00:00:00,19.6,17,23.5,1.1,,,12.3,,1014.8,
2024-07-11 00:00:00,17.7,13.1,22.6,0,,,8.6,,1017.8,
2024-07-12 00:00:00,14.7,13,17,9.7,,,13.4,,1013.8,
2024-07-13 00:00:00,14.9,10.2,20,0.5,,,10.5,,1013.9,
2024-07-14 00:00:00,17.1,11.9,22.1,0,,,7.2,,1013.1,
2024-07-15 00:00:00,18.2,11.2,24.5,4.8,,,6.4,,1010.1,
2024-07-16 00:00:00,17.2,14.2,19.7,3.3,,,19.2,,1011.5,
2024-07-17 00:00:00,18.9,15.6,24.6,1.2,,,7.5,,1020,
2024-07-18 00:00:00,20.8,13,28,0,,,4.2,,1021.2,
2024-07-19 00:00:00,23.2,17.6,29.2,0,,,5.1,,1017.4,
2024-07-20 00:00:00,23.7,18,29.6,0.9,,,6.6,,1009,
2024-07-21 00:00:00,21.6,19.1,25,3.2,,,9.8,,1008.9,
2024-07-22 00:00:00,19.7,15.2,24,0,,,13.8,,1017.2,
2024-07-23 00:00:00,18.6,15,21.5,1.5,,,15.4,,1018,
2024-07-24 00:00:00,17.9,12,23.1,0,,,4.1,,1021.3,
2024-07-25 00:00:00,19.9,13.7,25.2,0,,,9.5,,1014.3,
2024-07-26 00:00:00,19.6,16.7,23,2.3,,,10.8,,1011.5,
2024-07-27 00:00:00,18.8,16,21.5,1.2,,,6.4,,1014.5,
2024-07-28 00:00:00,18.2,10.6,25.5,0,,,5.7,,1024.1,
2024-07-29 00:00:00,20.5,11.2,28.5,0,,,7.4,,1021.8,
2024-07-30 00:00:00,24.1,16.1,32.2,0,,,5.2,,1016,
2024-07-31 00:00:00,24.2,19.6,29.6,1,,,9.1,,1013.5,
2024-08-01 00:00:00,22,18.7,26.5,15.4,,,8.6,,1011.7,
2024-08-02 00:00:00,20.7,17,26.6,1.9,,,5.3,,1012,
2024-08-03 00:00:00,19,15.2,22.6,0.1,,,10.6,,1013.1,
2024-08-04 00:00:00,18.8,16.2,22.1,1.2,,,5.4,,1014.9,
2024-08-05 00:00:00,19.4,12.7,25.7,0,,,6.4,,1014.6,
2024-08-06 00:00:00,21.9,16.1,27.5,0,,,7.7,,1010.7,
2024-08-07 00:00:00,19.2,15.7,23.7,10.1,,,11.1,,1013.1,
2024-08-08 00:00:00,19.4,14.7,25,0,,,8.8,,1016.5,
2024-08-09 00:00:00,21.2,16.1,24.2,0.7,,,16.3,,1015.7,
2024-08-10 00:00:00,19.3,13.7,26.2,0,,,10.2,,1020.8,
2024-08-11 00:00:00,21.3,13.7,28.6,0,,,8.7,,1020.1,
2024-08-12 00:00:00,25.6,17,33,0,,,8.4,,1010.6,
2024-08-13 00:00:00,22.8,18.5,27.5,0,,,8,,1009.6,
2024-08-14 00:00:00,20.9,17.6,25.7,0.4,,,8.1,,1012.5,
2024-08-15 00:00:00,19.6,14.7,25.7,0,,,10.2,,1016.9,
2024-08-16 00:00:00,19,16.2,22,5.6,,,10.8,,1015.7,
2024-08-17 00:00:00,20.4,18.5,23.2,0,,,6.2,,1013,
2024-08-18 00:00:00,18.5,13.7,22.2,0,,,11.3,,1013,
2024-08-19 00:00:00,16.4,10.7,22.5,0,,,6,,1017.9,
2024-08-20 00:00:00,17.5,13.7,23.5,4.9,,,13.2,,1012.2,
2024-08-21 00:00:00,15.8,11.1,20.2,0,,,12.8,,1017.7,
2024-08-22 00:00:00,17.4,11.6,23.7,0,,,18,,1012.5,
2024-08-23 00:00:00,19.4,16.6,23.5,2.2,,,19.5,,1008.2,
2024-08-24 00:00:00,20.3,16.2,28,14.4,,,19.6,,1007.3,
2024-08-25 00:00:00,16,11.6,20.7,0,,,14.6,,1019.8,
2024-08-26 00:00:00,16.4,11.1,22.2,0,,,10.3,,1022.2,
2024-08-27 00:00:00,18.3,10,25.5,,,,5.5,,1020.2,
2024-08-28 00:00:00,20.7,12.1,28.7,,,,7.2,,1014.6,
2024-08-29 00:00:00,19.9,15.5,24.5,,,,8,,1016.8,
2024-08-30 00:00:00,17.8,15.1,21.7,,,,11.2,,1021.2,
2024-08-31 00:00:00,19.1,15,25.1,,,,15.9,,1020.1,
2024-09-01 00:00:00,,,,,,,,,,
2024-09-02 00:00:00,,,,,,,,,,
2024-09-03 00:00:00,18.9,,,,,,6.6,,1014,
2024-09-04 00:00:00,17.7,15.6,21,,,,5.2,,1016.1,
2024-09-05 00:00:00,18.3,16.2,22,3.2,,,13.4,,1010.2,
2024-09-06 00:00:00,16.6,15,17.7,25.4,,,8.1,,1010.5,
2024-09-07 00:00:00,18,11.5,26,13.5,,,5.7,,1010.2,
2024-09-08 00:00:00,17.8,14.1,21.1,5.3,,,16.3,,1008,
2024-09-09 00:00:00,16,14.1,18.7,8.3,,,20.7,,1006.5,
2024-09-10 00:00:00,14.2,12,16.7,4.4,,,18.8,,1011.6,
2024-09-11 00:00:00,12.3,8.5,16,10.9,,,18.8,,1008,
2024-09-12 00:00:00,10.3,7,14.5,0.6,,,13.2,,1013.8,
2024-09-13 00:00:00,10.1,5,15.5,1.1,,,6.9,,1024.4,
2024-09-14 00:00:00,11,6,17.2,0,,,4.4,,1031.1,
2024-09-15 00:00:00,11.9,5.5,18.7,0,,,4.4,,1028.2,
2024-09-16 00:00:00,14.6,10.6,20,0.6,,,8,,1026,
2024-09-17 00:00:00,16.1,11.7,21.2,0,,,17.6,,1027.4,
2024-09-18 00:00:00,16.6,12.7,22.1,0,,,17.6,,1025.1,
2024-09-19 00:00:00,18.3,13.5,24.2,0.2,,,15.6,,1021.9,
2024-09-20 00:00:00,17.3,12.5,22.7,0,,,11.7,,1019.2,
2024-09-21 00:00:00,17.6,11.1,25.2,0,,,5.7,,1018.3,
2024-09-22 00:00:00,17.9,15,20.7,2.7,,,8.4,,1013.5,
2024-09-23 00:00:00,16,13.6,18.7,5.9,,,12.8,,1007.7,
2024-09-24 00:00:00,14.4,12.1,17.5,2.5,,,10.8,,1003.8,
2024-09-25 00:00:00,14.5,13.2,16.7,5.8,,,14.2,,1002.9,
2024-09-26 00:00:00,15.5,13.5,19.7,8.2,,,22.7,,991.5,
2024-09-27 00:00:00,12.3,11.2,13.7,4.3,,,26.4,,999.2,
2024-09-28 00:00:00,10.3,6,14.1,0.3,,,11.3,,1020.7,
2024-09-29 00:00:00,9.1,3.7,14.5,0,,,8.4,,1024.8,
2024-09-30 00:00:00,13.2,10.1,17.2,4.8,,,21.5,,1009.4,
2024-10-01 00:00:00,13.2,11,17,0.5,,,20,,1007.3,
2024-10-02 00:00:00,11.9,8.5,16.7,8.6,,,9.9,,1010,
2024-10-03 00:00:00,10.4,7.2,13.5,0,,,14,,1018.4,
2024-10-04 00:00:00,9.8,5.1,14.7,0,,,5.9,,1021.1,
2024-10-05 00:00:00,9.2,3.2,15.6,0,,,5,,1017.9,
2024-10-06 00:00:00,10.8,6,15,0,,,14,,1005.9,
2024-10-07 00:00:00,15.5,12.6,18.2,2.6,,,14.5,,1001.1,
2024-10-08 00:00:00,15.8,14,18.2,1,,,18.9,,997.9,
2024-10-09 00:00:00,13.9,12.6,14.7,29.4,,,15.2,,989.8,
2024-10-10 00:00:00,12,9.2,14,5.4,,,13.6,,999.6,
2024-10-11 00:00:00,9,5.2,12.2,0,,,5.2,,1016.2,
2024-10-12 00:00:00,8.6,4,12.1,1.9,,,9.2,,1011.3,
2024-10-13 00:00:00,9.1,6.7,11.5,0,,,11,,1016.8,
2024-10-14 00:00:00,8,5.7,10,5.2,,,8.1,,1016.8,
2024-10-15 00:00:00,12.7,9.1,18,0,,,8.7,,1016.5,
2024-10-16 00:00:00,17.5,13.2,23,0,,,15.4,,1007.7,
2024-10-17 00:00:00,17.5,15.4,19.1,2.1,,,13.8,,1010.1,
2024-10-18 00:00:00,14.8,13.3,16.6,2.2,,,7.8,,1014.3,
2024-10-19 00:00:00,13.9,12.6,14.7,0.5,,,14.2,,1014.8,
2024-10-20 00:00:00,15,12.1,17.9,0.2,,,19.6,,1017.2,
2024-10-21 00:00:00,13.9,12,17.9,9.3,,,11,,1021.7,
2024-10-22 00:00:00,11.7,8.2,15.2,3.1,,,9.4,,1029,
2024-10-23 00:00:00,11,6.6,16.2,0,,,4.6,,1033.5,
2024-10-24 00:00:00,10.1,4.5,16.7,0,,,7.2,,1023.9,
2024-10-25 00:00:00,15.1,12,20.2,0,,,9.2,,1016.6,
2024-10-26 00:00:00,15,10.5,20.7,1.7,,,5.4,,1015.7,
2024-10-27 00:00:00,13.6,9.6,16.7,0.2,,,4.6,,1020.9,
2024-10-28 00:00:00,13,9.7,15.1,0,,,12.9,,1024.7,
2024-10-29 00:00:00,11.7,11.1,13.1,0,,,14.2,,1025.8,
2024-10-30 00:00:00,12.5,11.6,14.1,0,,,4.6,,1027.9,
2024-10-31 00:00:00,12,9.1,16.5,0,,,5.4,,1027.4,
2024-11-01 00:00:00,9.6,9.1,10.2,0,,,8.1,,1025.7,
2024-11-02 00:00:00,11,9.7,12.2,0,,,8.7,,1029.6,
2024-11-03 00:00:00,10.2,7.2,11,0,,,5.3,,1029,
2024-11-04 00:00:00,6.7,4,10.6,0,,,6.5,,1026.3,
2024-11-05 00:00:00,7,4.5,8.5,0,,,7.7,,1023.9,
2024-11-06 00:00:00,9,8,10.2,0,,,5.2,,1030,
2024-11-07 00:00:00,7.8,5.5,9,0,,,10,,1031.2,
2024-11-08 00:00:00,5.9,5.2,6.5,0,,,7.2,,1026.8,
2024-11-09 00:00:00,8.2,6.5,10.9,0,,,4.2,,1024.5,
2024-11-10 00:00:00,8.9,8.2,10.1,0.4,,,4.8,,1027.9,
2024-11-11 00:00:00,9.5,7.7,12.2,0.9,,,12.5,,1031,
2024-11-12 00:00:00,8.6,7,9.7,1.4,,,17.3,,1030.6,
2024-11-13 00:00:00,6.9,4,9.7,0,,,6.3,,1033,
2024-11-14 00:00:00,9,7,11.1,0,,,6.2,,1029.6,
2024-11-15 00:00:00,8.6,7.6,9.7,0,,,4.4,,1027.7,
2024-11-16 00:00:00,7.2,6,8.1,0,,,14.7,,1020.5,
2024-11-17 00:00:00,7.5,5,8.7,2.2,,,16.3,,1014.1,
2024-11-18 00:00:00,7.7,7,9,2.1,,,11.2,,1010.3,
2024-11-19 00:00:00,8.1,4,11,19.6,,,22.1,,995.7,
2024-11-20 00:00:00,3.2,1,5,1.5,,,20.6,,1004.9,
2024-11-21 00:00:00,0.5,-1,2,0,,,10.3,,1000.6,
2024-11-22 00:00:00,1.9,-0.7,5.1,0,,,18.8,,1007,
2024-11-23 00:00:00,4.4,0.6,9.7,4.4,,,27.3,,1013.4,
2024-11-24 00:00:00,14,9.2,17.2,0.4,,,40.4,,1006.1,
2024-11-25 00:00:00,11.8,7.2,16.1,11.8,,,23,,1005,
2024-11-26 00:00:00,7.8,6.5,10,0.7,,,15.5,,1017.6,
2024-11-27 00:00:00,8.8,6.5,11.5,4.3,,,25.2,,1014.9,
2024-11-28 00:00:00,5,0.7,9,0,,,7.8,,1027,
2024-11-29 00:00:00,2.4,-1.7,7.2,0,,,6.9,,1030.6,
2024-11-30 00:00:00,4.1,0.2,7.5,0,,,9.6,,1027.4,
2024-12-01 00:00:00,4.7,0,8.9,0,,,15.5,,1020,
2024-12-02 00:00:00,9.7,6.5,11.5,2.4,,,20,,1014.4,
2024-12-03 00:00:00,5.4,0.6,7.5,3.5,,,8.5,,1020.5,
2024-12-04 00:00:00,3.3,-0.7,6.2,0,,,8.3,,1026.3,
2024-12-05 00:00:00,6.8,5,10.6,15.1,,,30.1,,1015.4,
2024-12-06 00:00:00,7.7,5.6,11.7,1.9,,,23.1,,1013.4,
2024-12-07 00:00:00,7.8,6,9.7,7.8,,,29.9,,998.3,
2024-12-08 00:00:00,6.7,5,7.5,7.7,,,23.7,,1005.9,
2024-12-09 00:00:00,5.3,4.7,6,1.2,,,22.7,,1024.5,
2024-12-10 00:00:00,5,4,5.5,,,,20.1,,,
2024-12-11 00:00:00,3.8,3,4.2,,,,12.2,,1030.6,
2024-12-12 00:00:00,2.1,1.6,2.7,,,,8,,1031.2,
2024-12-13 00:00:00,1.7,0.6,2.7,,,,6.5,,1026.8,
2024-12-14 00:00:00,2.6,1.2,4.7,0.5,,,14.1,,1022.4,
2024-12-15 00:00:00,6,2.6,10.2,0,,,16.3,,1028.4,
2024-12-16 00:00:00,9.6,8.2,10.7,0.4,,,19.4,,1032.6,
2024-12-17 00:00:00,7.2,5.1,8.5,0.3,,,14.2,,1027.9,
2024-12-18 00:00:00,10.3,6,12.9,0.5,,,27.8,,1014.3,
2024-12-19 00:00:00,8,3.5,13,7.5,,,25.8,,1005.1,
2024-12-20 00:00:00,4.2,1.1,6.5,0.9,,,16.7,,1020.5,
2024-12-21 00:00:00,7.7,6.2,9.7,5.4,,,24.6,,1014.1,
2024-12-22 00:00:00,5.9,2.7,10.1,3.2,,,23,,1004.6,
2024-12-23 00:00:00,5.5,3.7,6.6,5.2,,,22.7,,1018,
2024-12-24 00:00:00,5.4,3.5,7.2,0.5,,,13.8,,1027,
2024-12-25 00:00:00,7.9,7.5,8.7,0,,,9.2,,1033.8,
2024-12-26 00:00:00,5.5,3.5,7.6,0,,,5.7,,1035.7,
2024-12-27 00:00:00,1.2,-1.4,3.5,0,,,4,,1033.7,
2024-12-28 00:00:00,-0.3,-2.7,4.1,0,,,6,,1030.4,
2024-12-29 00:00:00,1.3,-1,2.7,0,,,9.9,,1031,
2024-12-30 00:00:00,4,2.1,5,0,,,16.7,,1030.7,
2024-12-31 00:00:00,2.8,1,6,0,,,25.3,,1027,
